,Blog title,Blog date,Blog image URL,Blog likes count
0,A Complete Guide to Hotel Revenue Management,22-Nov-23,https://rategaincom.wpenginepowered.com/wp-content/uploads/2023/11/A-Complete-Guide-to-Hotel-Revenue-Management.png,1
1,The Ultimate Guide to Choosing the Right Hotel Booking Engine,22-Nov-23,https://rategaincom.wpenginepowered.com/wp-content/uploads/2023/11/The-Ultimate-Guide-to-Choosing-the-Right-Hotel-Booking-Engine.png,2
2,"Maximize Your Hotel’s Exposure with Google AdSense’s New ""Related Search"" Feature in Auto Ads",20-Oct-23,https://rategaincom.wpenginepowered.com/wp-content/uploads/2023/10/Google-AdSenses-New-Related-Search-Feature-in-Auto-Ads.png,32
3,Beyond Reach & Frequency: Hotels' New Era with Facebook's 'Reservation' Buying Type,12-Oct-23,https://rategaincom.wpenginepowered.com/wp-content/uploads/2023/10/Transforming-with-Facebooks-Reservation-BUYING-Strategy.png,16
4,Managing Overbookings and Cancellations with Hotel Booking Engines,5-Oct-23,https://rategaincom.wpenginepowered.com/wp-content/uploads/2023/10/Overbookings-Cancellations-Not-a-Problem-with-Modern-Hotel-Booking-Engines.png,11
5,Global Distribution System (GDS) vs. Channel Manager: Which is Right for Your Hotel,1-Oct-23,https://rategaincom.wpenginepowered.com/wp-content/uploads/2023/10/Hotel-Distribution-Done-Right-Choosing-between-GDS-and-Channel-Manager.png,10
6,Jingle All the Way: Europe Christmas Travel Trends,28-Sep-23,https://rategaincom.wpenginepowered.com/wp-content/uploads/2023/10/Europe-Christmas-Travel-Trends.jpg,8
7,Why Bing Hotel Ads Should Be in Your Marketing Mix,28-Sep-23,https://rategaincom.wpenginepowered.com/wp-content/uploads/2023/09/Bing-Hotel-Ads-Your-Hotels-Secret-Revenue-Booster.png,9
8,Unraveling the Alchemy: Year-End Travel Trends in Singapore,26-Sep-23,https://rategaincom.wpenginepowered.com/wp-content/uploads/2023/10/Singapores-Secret-Recipe-for-Year-End-Travel-Success.png,7
9,Year-End U.S. Domestic Travel Insights: A Revenue Manager's Guide to Success,25-Sep-23,https://rategaincom.wpenginepowered.com/wp-content/uploads/2023/10/Is-U.S.A.-expecting-a-Domestic-Travel-Boom-this-year-end.png,7
10,Unlocking Top Travel Destinations in Egypt: A Hotelier's Playbook,25-Sep-23,https://rategaincom.wpenginepowered.com/wp-content/uploads/2023/09/Unlocking-Top-Travel-Destinations-in-Egypt-A-Hoteliers-Playbook.jpg,7
11,Shaping Success in Egypt's Dynamic Hospitality Landscape: A Roadmap for Hoteliers,22-Sep-23,https://rategaincom.wpenginepowered.com/wp-content/uploads/2023/09/Shaping-Success-in-Egypts-Dynamic-Hospitality-Landscape.jpg,7
12,Checking In to a Greener Future: Renewable Energy in Hotels,15-Sep-23,https://rategaincom.wpenginepowered.com/wp-content/uploads/2023/09/Powering-Hospitality-How-Renewable-Energy-Is-Reshaping-Hotels.png,6
13,Sustaining Communities: The Role of Travel Sellers in Sustainable Tourism,14-Sep-23,https://rategaincom.wpenginepowered.com/wp-content/uploads/2023/09/How-Travel-Sellers-Support-Local-Economies.png,6
14,Flowing Towards Sustainability: Water Conservation in Hotels,11-Sep-23,https://rategaincom.wpenginepowered.com/wp-content/uploads/2023/09/Drip-by-Drip-How-Hotels-Are-Leading-the-Way-in-Water-Conservation.png,6
15,Eco-Friendly Practices in Vacation Rentals: A Win-Win for Guests and the Environment,10-Sep-23,https://rategaincom.wpenginepowered.com/wp-content/uploads/2023/09/Eco-friendly-practices-in-Vacation-Rentals.png,7
16,Zero-Waste Travel: A Sustainable Path to Explore the World,9-Sep-23,https://rategaincom.wpenginepowered.com/wp-content/uploads/2023/09/Trash-to-Treasures-Zero-Waste-Travelers-Handbook.png,6
17,Building a Greener Future: Sustainable Supply Chain Management in Hotels,8-Sep-23,https://rategaincom.wpenginepowered.com/wp-content/uploads/2023/09/Hotel-Sustainable-Supply-Chain-Strategies.png,5
18,Airline Sustainability Initiatives: How Airlines are Going Green,7-Sep-23,https://rategaincom.wpenginepowered.com/wp-content/uploads/2023/09/Airlines-Sustainable-Innovations.png,4
19,Exploring Eco-Tourism: Where Nature Meets Responsible Travel,6-Sep-23,https://rategaincom.wpenginepowered.com/wp-content/uploads/2023/09/Embrace-Eco-Tourism-Your-Passport-to-Sustainable-Wanderlust.png,6
20,Measuring and Reporting Sustainability Impact: Metrics for Hotels and Travel Sellers,6-Sep-23,https://rategaincom.wpenginepowered.com/wp-content/uploads/2023/09/Measuring-and-Reporting-Sustainability-Impact.png,4
21,Reducing Carbon Footprint: Sustainable Practices for Tour Operators,5-Sep-23,https://rategaincom.wpenginepowered.com/wp-content/uploads/2023/09/Sustainable-Practices-for-Tour-Operators.png,6
22,Preserving Paradise: Biodiversity Conservation in Travel,4-Sep-23,https://rategaincom.wpenginepowered.com/wp-content/uploads/2023/09/Wings-and-Wonders-Biodiversity-Conservation-in-Tourism.png,5
23,"How Green is your Hotel? Do Good and Show it to the World – on Google, for Example",3-Sep-23,https://rategaincom.wpenginepowered.com/wp-content/uploads/2023/09/Green-Hotel-Badge-for-Sustainable-Accommodations.png,7
24,The Digital Evolution of UK Hospitality: A Historic Journey From Keys to Clicks,1-Sep-23,https://rategaincom.wpenginepowered.com/wp-content/uploads/2023/09/Evolution-of-UK-Hospitality.png,7
25,Driving Green: The Future of Sustainable Car Rentals,1-Sep-23,https://rategaincom.wpenginepowered.com/wp-content/uploads/2023/10/Driving-Green-The-Future-of-Sustainable-Car-Rentals.png,6
26,Taste the Future: Sustainable Food Practices in Hotels and Restaurants,1-Sep-23,https://rategaincom.wpenginepowered.com/wp-content/uploads/2023/09/Taste-the-Future-Sustainable-Food-Practices-in-Hospitality.png,6
27,The Heart of Travel: DMOs and Their Impact on Local Economies,1-Sep-23,https://rategaincom.wpenginepowered.com/wp-content/uploads/2023/10/The-DMO-Effect-Enhancing-Tourisms-Role-in-Local-Economies.png,8
28,Exploring India's Travel Resurgence: From G20 Summit to Cricket Hype Amidst a High-Demand Festive Season,31-Aug-23,https://rategaincom.wpenginepowered.com/wp-content/uploads/2023/08/The-World-is-Coming-to-India-this-Winter-Season.png,9
29,Social Media Meets Google Business Profile: Here's Why You Should Care,21-Aug-23,https://rategaincom.wpenginepowered.com/wp-content/uploads/2023/08/Your-Hotels-Social-Media-Just-Got-Google-fied-Google-Business-Profile.webp,5
30,Connect the Dots: Decoding Common Hotel System Connectivity Challenges,18-Aug-23,https://rategaincom.wpenginepowered.com/wp-content/uploads/2023/08/The-Hidden-Costs-of-Poor-Hotel-System-Connectivity.png,5
31,GA4's New User Data Export to BigQuery: Your Key to Hyper-Personalized Hotel Marketing,17-Aug-23,https://rategaincom.wpenginepowered.com/wp-content/uploads/2023/08/Google-Analytics-4-Rolls-Out-New-User-Data-Export-To-BigQuery.webp,5
32,How AI and Machine Learning are Shaping Hotel Search Engines,16-Aug-23,https://rategaincom.wpenginepowered.com/wp-content/uploads/2023/08/Role-of-AI-Ml-in-Hotel-Search-Engines.webp,5
33,Unpacking Global DE&I Pillars: A Strategy for Inclusivity,16-Aug-23,https://rategaincom.wpenginepowered.com/wp-content/uploads/2023/08/DE-I-RG.webp,5
34,"The Evolution of Hotel Search Engines: Past, Present, and Future",15-Aug-23,https://rategaincom.wpenginepowered.com/wp-content/uploads/2023/08/evolution-of-hotel-search-engines.webp,5
35,From Green Revolution to Space Exploration: 75 Innovations Propelling India Beyond 75,14-Aug-23,https://rategaincom.wpenginepowered.com/wp-content/uploads/2023/08/India-beyond-75.webp,6
36,Going Green: How Hotel Search Engines are Championing the Cause of Sustainable Travel,10-Aug-23,https://rategaincom.wpenginepowered.com/wp-content/uploads/2023/08/How-Hotel-Search-Engines-are-Supporting-Sustainable-Travel.webp,3
37,Get Noticed: The Smart Hotelier's Guide to Google's Filtered Search Carousel,9-Aug-23,https://rategaincom.wpenginepowered.com/wp-content/uploads/2023/08/Google_s-New-Hotel-Search-Carousel.webp,3
38,Understanding the Mechanics of Hotel Search Engines,9-Aug-23,https://rategaincom.wpenginepowered.com/wp-content/uploads/2023/08/Understanding-the-Mechanics-of-Hotel-Search-Engines.webp,4
39,Hospitality in the Digital Age: Software Breakthroughs and What's Next,8-Aug-23,https://rategaincom.wpenginepowered.com/wp-content/uploads/2023/08/Hospitality-in-the-Digital-Age-Softwares-for-Hotel-Success.webp,5
40,Gaining a Competitive Edge at Every Stage of the Traveler Journey,4-Aug-23,https://rategaincom.wpenginepowered.com/wp-content/uploads/2023/08/The-Heart-of-Hospitality-A-Guide-to-Outshine-Competitors-at-Every-Traveler-Touchpoint.webp,5
41,Elevate Your Hotel's Performance with Revenue Management Analytics,4-Aug-23,https://rategaincom.wpenginepowered.com/wp-content/uploads/2023/08/Fine-Tuning-Your-Hotels-Strategy-The-Art-of-Revenue-Management-Analytics.webp,5
42,How Hotels Can Stay Ahead in the Dynamic Hospitality Industry,4-Aug-23,https://rategaincom.wpenginepowered.com/wp-content/uploads/2023/08/How-Hotels-Can-Stay-Ahead-in-Dynamic-Hospitality-Industry.webp,6
43,What is Hospitality Management? Why is it Important?,1-Aug-23,https://rategaincom.wpenginepowered.com/wp-content/uploads/2023/08/Hospitality-Management-Unraveled-Journey-of-Experiences.png,5
44,Has 'The Swiftie Fever' Opened New Travel Avenues In the U.S.,1-Aug-23,https://rategaincom.wpenginepowered.com/wp-content/uploads/2023/08/Has-_The-Swiftie-Fever_-Opened-New-Travel-Avenues-In-the-U.S.webp,5
45,How to Make Technology Partnerships Successful for Hotels,21-Jul-23,https://rategaincom.wpenginepowered.com/wp-content/uploads/2023/07/Strategies-to-Succeed-with-Technological-Partnerships-in-Hospitality.webp,5
46,AI and Machine Learning – Who Will Lead the Change and What Will it Look Like?,20-Jul-23,https://rategaincom.wpenginepowered.com/wp-content/uploads/2023/07/AI-Machine-Learning-Who-Will-Lead-the-Change.webp,5
47,Large Hotel Chains Can Move Fast Too: 10 Ideas To Implement Today,18-Jul-23,https://rategaincom.wpenginepowered.com/wp-content/uploads/2023/07/Strategies-for-Big-Hotel-Chains-to-Stay-Ahead.webp,3
48,The Basics of Distribution for Hotel Chains,18-Jul-23,https://rategaincom.wpenginepowered.com/wp-content/uploads/2023/07/Mastering-the-Distribution-Game-for-Big-Hotel-Chains.png,3
49,Supercharging Hotel Bookings: The Game-Changing Benefits of Metasearch Marketing,18-Jul-23,https://rategaincom.wpenginepowered.com/wp-content/uploads/2023/07/The-Game-Changing-Benefits-of-Metasearch-Marketing.webp,3
50,The Tech-Stack Needed by OTAs to Scale Your BI Capabilities,17-Jul-23,https://rategaincom.wpenginepowered.com/wp-content/uploads/2023/07/Techology-Stack-Needed-by-OTAs.webp,3
51,The Future of Rate Parity in the Hospitality Industry,17-Jul-23,https://rategaincom.wpenginepowered.com/wp-content/uploads/2023/07/The-Future-of-rate-parity-in-hospitality.webp,4
52,How Hotel Pricing is Going to Change in the Age of AI,12-Jul-23,https://rategaincom.wpenginepowered.com/wp-content/uploads/2023/07/HOW-PRICING-WILL-CHANGE-IN-the-AGE-OF-AI.webp,4
53,Leveraging Instagram Threads for the Travel and Hospitality Industry,10-Jul-23,https://rategaincom.wpenginepowered.com/wp-content/uploads/2023/07/Leveraging-Instagram-Threads-for-the-Travel-and-Hospitality-Industry.webp,4
54,Calling All Hoteliers: Unleash the Power of GA4 for Optimal Performance,7-Jul-23,https://rategaincom.wpenginepowered.com/wp-content/uploads/2023/07/GA4.webp,6
55,Green Gold: Sustainable Hotels Shaping Profitable and Responsible Hospitality,3-Jul-23,https://rategaincom.wpenginepowered.com/wp-content/uploads/2023/07/Sustainable-Hotels.webp,5
56,Managing Hotel Cancellations: Strategies to Optimize Revenue and Guest Satisfaction,28-Jun-23,https://rategaincom.wpenginepowered.com/wp-content/uploads/2023/07/Managing-Cancellations-to-Optimize-Revenue-_-Guest-Satisfaction.webp,3
57,Big Data: The Game Changer in Hospitality Industry,27-Jun-23,https://rategaincom.wpenginepowered.com/wp-content/uploads/2023/06/Hotel-Big-Data-Analytics.webp,4
58,Unveiling the Hotel Challenges: Navigating Obstacles in the Dynamic Hospitality Landscape,26-Jun-23,https://rategaincom.wpenginepowered.com/wp-content/uploads/2023/06/Unveiling-the-Hotel-Challenges-Navigating-Obstacles-in-Dynamic-Hospitality-Landscape.webp,4
59,Distribution Challenges for Hotels in Latin America,23-Jun-23,https://rategaincom.wpenginepowered.com/wp-content/uploads/2023/06/Distribution-Challenges-for-Hotels-in-Latin-America.webp,4
60,Navigating Hotel Distribution Challenges with Technology and Strategy,22-Jun-23,https://rategaincom.wpenginepowered.com/wp-content/uploads/2023/06/Cracking-Distribution-Code-Navigating-Challenges-with-Technology-and-Strategy.webp,6
61,What Does Digital Foundation in Hospitality Look Like,20-Jun-23,https://rategaincom.wpenginepowered.com/wp-content/uploads/2023/06/Digital-foundation-in-hotel-industry.webp,5
62,Effective Hotel Pricing Strategies To Maximize Revenue During Low Demand Periods,13-Jun-23,https://rategaincom.wpenginepowered.com/wp-content/uploads/2023/06/Effective-Hotel-Pricing-Strategies-During-Low-Demand-Periods.webp,5
63,The Power of Allyship: Building Bridges of Support and Inclusion,12-Jun-23,https://rategaincom.wpenginepowered.com/wp-content/uploads/2023/06/allyship.webp,5
64,Mastering Success: Hotel Revenue Management Strategies for Optimal Growth,11-Jun-23,https://rategaincom.wpenginepowered.com/wp-content/uploads/2023/06/Unlocking-Success-Strategies-for-Hotel-Revenue-Management-Hotel.webp,4
65,Solving the Challenge of Overbooking in Hotels: Strategies for Seamless Guest Experience,10-Jun-23,https://rategaincom.wpenginepowered.com/wp-content/uploads/2023/06/Solving-the-Challenge-of-Overbooking-in-Hotels.webp,5
66,Navigating the Highs and Lows: Managing Hotel Demand During Special Events,9-Jun-23,https://rategaincom.wpenginepowered.com/wp-content/uploads/2023/06/Revenue-Management-Managing-Hotel-Demand-During-Special-Events.webp,5
67,The Impact of Weather on Hotel Demand: Leveraging Insights for Success,9-Jun-23,https://rategaincom.wpenginepowered.com/wp-content/uploads/2023/06/Revenue-Management-The-Impact-of-Weather-on-Hotel-Demand.webp,5
68,Inside Google Marketing Live 2023: AI-Powered Innovations & What They Mean for the Hotel Industry,8-Jun-23,https://rategaincom.wpenginepowered.com/wp-content/uploads/2023/06/AI-Powered-Innovations-for-the-Hotel-Industry.jpg,5
69,Hotel Loyalty Programs: Building Customer Loyalty and Maximizing Rewards,8-Jun-23,https://rategaincom.wpenginepowered.com/wp-content/uploads/2023/06/Unlock-the-Secrets-of-Hotel-Loyalty-Programs.webp,5
70,The Impact of Seasonality on Hotel Revenue: Understanding the Highs and Lows,8-Jun-23,https://rategaincom.wpenginepowered.com/wp-content/uploads/2023/06/Revenue-Management-Impact-of-Seasonality-on-Revenue.webp,6
71,Walking the Tight Rope: High Hotel ADR and Low Distribution Cost,7-Jun-23,https://rategaincom.wpenginepowered.com/wp-content/uploads/2016/12/Industry-Statistics-ADR.webp,6
72,The Role of Central Reservation Systems in Efficient Hotel Inventory Distribution,7-Jun-23,https://rategaincom.wpenginepowered.com/wp-content/uploads/2023/06/Inventory-Management-The-Role-of-CRS-in-Efficient-Hotel-Inventory-Distribution.webp,6
73,The History of Pride Month: Celebrating Love and Equality,5-Jun-23,https://rategaincom.wpenginepowered.com/wp-content/uploads/2023/06/pride-month-history.webp,4
74,A Comprehensive Guide to Cloud Computing for Hotels: Transforming the Hospitality Industry,5-Jun-23,https://rategaincom.wpenginepowered.com/wp-content/uploads/2023/06/Hotel-Technology-4-A-Comprehensive-Guide-to-Cloud-Computing-for-Hotels.webp,4
75,Unlock the Power of a Hotel Central Reservation System,1-Jun-23,https://rategaincom.wpenginepowered.com/wp-content/uploads/2023/06/Distribution-Understanding-Hotel-Central-Reservation-System-Streamlining-Operations-a.webp,5
76,Data and Analytics Can Help You Distribute Your Hotel Inventory Effectively & Run Hotel Profitably,26-May-23,https://rategaincom.wpenginepowered.com/wp-content/uploads/2017/09/Hotel-Technology-3-Leveraging-Data-and-Analytics-to-Distribute-Your-Hotel-Inventory-Effectively.webp,4
77,Data-Driven Excellence: Maximizing Performance with Hotel Data Analytics,26-May-23,https://rategaincom.wpenginepowered.com/wp-content/uploads/2023/05/Hotel-Technology-2-Data-Driven-Excellence-Maximizing-Performance-with-Hotel-Data-Analytics.webp,6
78,Driving Higher Hotel Occupancy Rates: Implementing Effective Strategies,25-May-23,https://rategaincom.wpenginepowered.com/wp-content/uploads/2023/05/Driving-Higher-Hotel-Occupancy-Rates.webp,6
79,The Complete Guide to Hotel Digital Marketing: Boost Your Online Presence and Drive Bookings,24-May-23,https://rategaincom.wpenginepowered.com/wp-content/uploads/2023/01/Hotel-Digital-Marketing-Boost-Your-Online-Presence-_-Drive-Bookings.webp,6
80,What is a Global Distribution System (GDS)? How does it Benefit Your Hotel?,23-May-23,https://rategaincom.wpenginepowered.com/wp-content/uploads/2022/12/Distribution-What-is-a-Global-Distribution-System-GDS-How-does-it-Benefit-Your-Hotel.webp,7
81,Unleashing the Power of Hotel Technology: The Game Changer in Tech-Savvy Hospitality,23-May-23,https://rategaincom.wpenginepowered.com/wp-content/uploads/2023/05/Hotel-Technology-1-The-Power-of-Hotel-Technology.webp,5
82,Unlocking Profitability: An Introduction to Hotel Revenue Management,23-May-23,https://rategaincom.wpenginepowered.com/wp-content/uploads/2023/05/Revenue-Management-Unlocking-Profitability-with-Hotel-Revenue-Management.webp,4
83,Why Should All Destinations Have a Destination Marketing Organization (DMO)?,22-May-23,https://rategaincom.wpenginepowered.com/wp-content/uploads/2023/05/Destination-Marketing-2-Why-Should-all-Destinations-have-a-DMO.webp,2
84,"Destination Marketing Organization: Its Roles, Importance, and Benefits in the Hospitality Industry",22-May-23,https://rategaincom.wpenginepowered.com/wp-content/uploads/2023/05/Destination-Marketing-1-What-are-DMOs.webp,2
85,"Difference Between a Hotel PMS, Channel Manager, OTAs, and Booking Engine",22-May-23,https://rategaincom.wpenginepowered.com/wp-content/uploads/2023/04/Distribution-Difference-between-Hotel-PMS-Channel-Manager-OTAs-and-Booking-Engine.webp,5
86,The Complete Guide to Distribution Channels in the Hotel Industry,21-May-23,https://rategaincom.wpenginepowered.com/wp-content/uploads/2023/03/Hotel-Distribution-Channels-A-Complete-Guide.webp,3
87,Unlocking New Revenue Streams: A Guide to Effective Channel Management for Hospitality Businesses,21-May-23,https://rategaincom.wpenginepowered.com/wp-content/uploads/2023/03/Effective-Channel-Management-for-Hospitality-Businesses.webp,3
88,Unveiling the Magic of Metasearch Engines: A Game Changer for Online Businesses,21-May-23,https://rategaincom.wpenginepowered.com/wp-content/uploads/2023/05/Metasearch-Engines-A-Game-Changer-for-Online-Businesses.webp,2
89,Where does Content Fit in the Evolution of Hotel Distribution?,20-May-23,https://rategaincom.wpenginepowered.com/wp-content/uploads/2023/05/Adapting-Hotel-Distribution-Mastering-Content-Management-for-Success.webp,3
90,Boost Your Hotel's Online Presence with a Hotel Content Management System,19-May-23,https://rategaincom.wpenginepowered.com/wp-content/uploads/2023/05/Boost-your-Online-Presence-with-a-Hotel-Content-Management-System.webp,2
91,Streamline Your Hotel Pricing Strategy with Advanced Rate Shopping Software,18-May-23,https://rategaincom.wpenginepowered.com/wp-content/uploads/2023/05/Streamlining-Hotel-Pricing-Strategy-with-Advanced-Rate-Shopping-Software.webp,2
92,Dynamic Pricing Strategy in Hotels for Hospitality Industry,18-May-23,https://rategaincom.wpenginepowered.com/wp-content/uploads/2016/10/Dynamic-Pricing-Strategy-for-the-Hospitality-Industry.webp,10
93,Hotel Pricing Strategy: Maximizing Revenue Through Effective Pricing Techniques,18-May-23,https://rategaincom.wpenginepowered.com/wp-content/uploads/2023/05/Pricing-Strategy-1-Hotel-Pricing-Strategy-for-Revenue-Maximization.webp,5
94,How To Use Google Hotel Ads: A Complete Guide,18-May-23,https://rategaincom.wpenginepowered.com/wp-content/uploads/2023/05/Google-Hotel-Ads-_1-How-to-use-Google-Hotel-Ads-A-Complete-Guide.webp,5
95,Boost Your Hotel Revenue with Efficient Hotel Inventory Management,16-May-23,https://rategaincom.wpenginepowered.com/wp-content/uploads/2023/05/Inventory-Management-4-Boost-your-Hotel-Revenue-with-Efficient-Hotel-Inventory-Management.webp,6
96,Cracking the Code: How to Benefit from Hotel Wholesalers,16-May-23,https://rategaincom.wpenginepowered.com/wp-content/uploads/2023/05/Inventory-Management-3-How-can-you-Benefit-from-Hotel-Wholesalers.webp,5
97,8 Easy Tips for Hotel Revenue Managers to Cope With Rate Parity Issues,15-May-23,https://rategaincom.wpenginepowered.com/wp-content/uploads/2023/05/Rate-Parity-_2-Important-Tips-to-cope-up-with-Rate-Parity-Issues.webp,6
98,What is Hotel Rate Parity? Why is it Important in the Hotel Industry?,15-May-23,https://rategaincom.wpenginepowered.com/wp-content/uploads/2023/05/Rate-Parity-_1-What-is-Hotel-Rate-Parity-Why-is-it-Important.webp,5
99,18 Factors to Consider before Investing in Channel Manager for Your Hotel,14-May-23,https://rategaincom.wpenginepowered.com/wp-content/uploads/2016/03/Channel-Management-2-Critical-Factors-to-Consider-before-you-Invest-in-a-Hotel-Channel-Manager.webp,3
100,Crucial Hotel Sales Strategies to Boost Occupancy and Revenue,14-May-23,https://rategaincom.wpenginepowered.com/wp-content/uploads/2023/05/Hotel-Sales-Strategy-Crucial-Hotel-Sales-Strategies-to-Boost-Occupancy-and-Revenue.webp,3
101,What is a Hotel Channel Manager? How Do You Choose the Perfect One?,14-May-23,https://rategaincom.wpenginepowered.com/wp-content/uploads/2023/05/Channel-Management-1-What-is-a-channel-manager.webp,4
102,How Can Content Solve The Expectation Gap for Hotels?,13-May-23,https://rategaincom.wpenginepowered.com/wp-content/uploads/2023/05/Content-Management-5-How-Can-Content-Solve-The-Expectation-Gap-for-Hotels.webp,4
103,Changing Markets Post-Pandemic: Guest Behaviors Changing Booking Inspiration,11-May-23,https://rategaincom.wpenginepowered.com/wp-content/uploads/2023/05/Changing-Markets-Post-Pandemic-Guest-Behaviors-Changing-Booking-Inspiration.png,3
104,What is Hotel Occupancy Rate? How to Calculate it?,6-May-23,https://rategaincom.wpenginepowered.com/wp-content/uploads/2023/05/Occupancy-Rate-and-calculation.webp,6
105,Is RevPAR the Best Metric to Measure Profitability?,5-May-23,https://rategaincom.wpenginepowered.com/wp-content/uploads/2023/05/Is-RevPAR-the-Best-Metric-to-Measure-Profitability-scaled.webp,3
106,Why Should Hotels Update Content On OTAs Frequently?,5-May-23,https://rategaincom.wpenginepowered.com/wp-content/uploads/2023/05/Content-Management-4-Why-Should-Hotels-Update-Content-on-OTAs-Frequently.webp,5
107,Why Metasearch is critical for your Direct Bookings Strategy,4-May-23,https://rategaincom.wpenginepowered.com/wp-content/uploads/2023/05/Why-Metasearch-is-critical-for-your-hotels-Direct-Bookings-Strategy-scaled.webp,3
108,Why Content on OTAs is Critical for Improving Conversion Rates,3-May-23,https://rategaincom.wpenginepowered.com/wp-content/uploads/2023/05/Content-Management-3-Why-Content-on-OTAs-is-Critical-for-Improving-Conversion-Rates-scaled.webp,3
109,How do Hotels Distribute Inventory to Drive Bookings,3-May-23,https://rategaincom.wpenginepowered.com/wp-content/uploads/2023/05/How-do-Hotels-Distribute-Inventory-to-Drive-Bookings-scaled.webp,3
110,What is RevPAR ? Why does it Matter?,1-May-23,https://rategaincom.wpenginepowered.com/wp-content/uploads/2023/05/What-is-RevPAR-scaled.webp,3
111,A Complete Guide to Hotel Marketing Strategy for 2023,30-Apr-23,https://rategaincom.wpenginepowered.com/wp-content/uploads/2023/01/A-Complete-Guide-to-Hotel-Marketing-Strategy-_1_.webp,2
112,Latin America’s Hospitality Industry is Ready to Take the AI Leap into the Future,27-Apr-23,https://rategaincom.wpenginepowered.com/wp-content/uploads/2023/04/Latin-Americas-Hospitality-Industry-is-Ready-to-Take-the-AI-Leap-into-the-Future-1.jpg,3
113,Sustainability: The Conversation We Need To Have With ChatGPT Today,27-Apr-23,https://rategaincom.wpenginepowered.com/wp-content/uploads/2023/06/Kamesh-Shukla-on-Sustainable-Travel.webp,3
114,Here's Why You Should Care About Hotel Content Management & Distribution,22-Apr-23,https://rategaincom.wpenginepowered.com/wp-content/uploads/2023/04/Content-Management-2-Why-Should-You-Care-About-Hotel-Content-Management-Distribution-scaled.webp,7
115,Why Ease of Use is the Core of any Booking Engine?,15-Apr-23,https://rategaincom.wpenginepowered.com/wp-content/uploads/2023/04/Why-Ease-of-Use-is-the-Core-of-any-Booking-Engine.webp,6
116,Why is Security Critical for a Booking Engine?,14-Apr-23,https://rategaincom.wpenginepowered.com/wp-content/uploads/2023/05/Why-is-Security-Critical-for-a-Hotel-Booking-Engine-scaled.webp,6
117,Thank You Booking.com For Showing Us The Future,13-Apr-23,https://rategaincom.wpenginepowered.com/wp-content/uploads/2023/04/boooking-com-blog-1.jpg,3
118,How to Evaluate a Booking Engine?,13-Apr-23,https://rategaincom.wpenginepowered.com/wp-content/uploads/2023/05/How-do-you-Evaluate-a-Hotel-Booking-Engine-scaled.webp,6
119,All You Need to Know About a Hotel Booking Engine,12-Apr-23,https://rategaincom.wpenginepowered.com/wp-content/uploads/2023/05/All-You-Need-to-Know-About-a-Hotel-Booking-Engine-scaled.webp,2
120,Revolutionizing Guest Experiences and Revenue Management with AI,6-Apr-23,https://rategaincom.wpenginepowered.com/wp-content/uploads/2023/04/MicrosoftTeams-image-8.jpg,8
121,What is Direct Booking?,5-Apr-23,https://rategaincom.wpenginepowered.com/wp-content/uploads/2023/04/what-is-a-direct-booking.jpg,8
122,The Relevance of Content for Hotels,1-Apr-23,https://rategaincom.wpenginepowered.com/wp-content/uploads/2023/04/Content-Management-1-What-is-the-Relevance-of-Content-for-Hotels-scaled.webp,4
123,Leading the Way: Top 8 Hospitality Technology Trends to Watch in 2023,21-Mar-23,https://rategaincom.wpenginepowered.com/wp-content/uploads/2023/03/MicrosoftTeams-image-2-1.jpg,6
124,A Complete Guide to Hotel Connectivity & Distribution,21-Mar-23,https://rategaincom.wpenginepowered.com/wp-content/uploads/2023/03/A-Complete-Guide-to-Hotel-Connectivity-_-Distribution.webp,3
125,Revolutionizing the Hospitality Industry: The Role of Advanced Channel Managers in Driving Hotel Business Growth,16-Mar-23,https://rategaincom.wpenginepowered.com/wp-content/uploads/2023/03/MicrosoftTeams-image-3-1.jpg,3
126,What are Hotel Industry Statistics?,6-Mar-23,https://rategaincom.wpenginepowered.com/wp-content/uploads/2023/05/What-are-the-Key-Hotel-Industry-Statistics-scaled.webp,3
127,The Data Goldmine: The 3 Step Process to Unlocking the Power of Guest Data,15-Feb-23,https://rategaincom.wpenginepowered.com/wp-content/uploads/2023/02/MicrosoftTeams-image-1.jpg,3
128,How To Use Guest Messaging To Improve Revenue,31-Jan-23,https://rategaincom.wpenginepowered.com/wp-content/uploads/2023/01/How-To-Use-Guest-Messaging-To-Improve-Revenue.jpg,3
129,Spin Around the Challenges of an Economic Downturn with AI-Enabled Solutions,30-Jan-23,https://rategaincom.wpenginepowered.com/wp-content/uploads/2023/01/MicrosoftTeams-image.jpg,3
130,What is a Hotel Property Management System (PMS)?,23-Jan-23,https://rategaincom.wpenginepowered.com/wp-content/uploads/2019/04/hotel-revenue-management-system-900x450.jpg,3
131,Unlocking A New Level Of Luxury For Dubai: The Rising Need For Technology,20-Jan-23,https://rategaincom.wpenginepowered.com/wp-content/uploads/2023/01/creating-a-picture-perfect-guest-experience-in-dubai.jpg,3
132,Troubleshooting Guest Engagement: Is the Answer in the Palm of your Hands? ,6-Jan-23,https://rategaincom.wpenginepowered.com/wp-content/uploads/2023/01/MicrosoftTeams-image-6.jpg,4
133,No Shortage of Guest Engagement Despite Labour Shortage in the UK: Why Technology is the Answer,23-Dec-22,https://rategaincom.wpenginepowered.com/wp-content/uploads/2022/12/uk-banner-1.jpg,4
134,Journey to better guest satisfaction: Why digitisation is the shortcut you need,16-Dec-22,https://rategaincom.wpenginepowered.com/wp-content/uploads/2022/12/engage-banner-1.jpg,3
135,7 Tips for A Booking-friendly Hotel Website,12-Dec-22,https://rategaincom.wpenginepowered.com/wp-content/uploads/2022/12/7-tips-for-a-booking-friendly-hotel-website-blog-banner.jpg,3
136,The Problem In Paradise: What The Hotels Of Maldives Need To Know,6-Dec-22,https://rategaincom.wpenginepowered.com/wp-content/uploads/2022/12/Top-banner-2.jpg,3
137,The Good Side Of AI: Read Between The Lines To Understand Your Guests’ Feelings,11-Nov-22,https://rategaincom.wpenginepowered.com/wp-content/uploads/2022/11/sentiment-mapping-1-1.jpg,2
138,Preparing for the Future of Air Travel Demand,4-Nov-22,https://rategaincom.wpenginepowered.com/wp-content/uploads/2022/10/Preparing-for-the-Future-of-Air-Travel-Demand.jpg,1
139,Digital Hospitality: No Longer An Oxymoron,3-Nov-22,https://rategaincom.wpenginepowered.com/wp-content/uploads/2022/11/Digital-Hosp_Banner-1-scaled.jpg,1
140,Peak Experience For The Peak Season,27-Oct-22,https://rategaincom.wpenginepowered.com/wp-content/uploads/2022/10/Peak-Experience-For-Peak-Season.webp,1
141,Forward-looking Insights on Travel Demand: Top Trending Cities in Asia (Oct – Dec 2022),24-Oct-22,https://rategaincom.wpenginepowered.com/wp-content/uploads/2022/10/Forward-looking-Insights-on-Travel-Demand-Top-Trending-Cities-in-Asia.webp,1
142,Guest Dissatisfaction: De-mystified,19-Oct-22,https://rategaincom.wpenginepowered.com/wp-content/uploads/2022/10/Guest-Dissatisfaction.webp,1
143,Beyond Just Emojis: Leveraging WhatsApp To Improve Guest Experience,11-Oct-22,https://rategaincom.wpenginepowered.com/wp-content/uploads/2022/10/beyond-just-blog-img.webp,1
144,Experiences Above All:  The Long and Short of Guest Experiences,6-Oct-22,https://rategaincom.wpenginepowered.com/wp-content/uploads/2022/10/guests-experience.webp,1
145,Humans Of RateGain: Q&A With Mark Haywood,4-Oct-22,https://rategaincom.wpenginepowered.com/wp-content/uploads/2022/10/Rategain-Partnership.webp,1
146,India’s Festive Season Travel Outlook,3-Oct-22,https://rategaincom.wpenginepowered.com/wp-content/uploads/2022/10/ezgif.com-gif-maker-6.webp,2
147,Productivity For The Front Desk: What Has Changed,27-Sep-22,https://rategaincom.wpenginepowered.com/wp-content/uploads/2022/09/Productivity-For-The-Front-Desk-What-Has-Changed.webp,3
148,How Can Scoring Content Help Hotels Drive More Bookings,20-Sep-22,https://rategaincom.wpenginepowered.com/wp-content/uploads/2022/09/Drive-more-bookings.webp,3
149,New Data Sources To Help Commercial Teams Make Better Decisions,20-Sep-22,https://rategaincom.wpenginepowered.com/wp-content/uploads/2022/09/New-Data-Sources-that-can-help-commercial-teams-make-better-decisions-1.webp,3
150,Hotel Online Bookings Can Be More Profitable,20-Sep-22,https://rategaincom.wpenginepowered.com/wp-content/uploads/2022/09/Hotel-Online-Bookings-Can-Be-More-Profitable.webp,3
151,Bridging Silos in Commercial Teams Post Pandemic,25-Aug-22,https://rategaincom.wpenginepowered.com/wp-content/uploads/2022/08/Post-pandemic.webp,7
152,Data Transparency: The New Way to Collaborate in Commercial Teams,25-Aug-22,https://rategaincom.wpenginepowered.com/wp-content/uploads/2022/08/Data-Transparency.webp,7
153,Are Middle East Hoteliers Ready for the Next Big Shift?,18-Jul-22,https://rategaincom.wpenginepowered.com/wp-content/uploads/2022/07/Are-Middle-East-Hoteliers-Ready-for-the-Next-Big-Shift.jpg,4
154,Artificial Intelligence in the Hospitality Industry : The Future,13-Jul-22,https://rategaincom.wpenginepowered.com/wp-content/uploads/2022/06/Blog-En-2-1.jpg,5
155,What is Engage-AI? What are the benefits of using Engage-AI?,7-Jul-22,https://rategaincom.wpenginepowered.com/wp-content/uploads/2022/06/Blog-En-1.jpg,6
156,Enjoy Greater Conversions by Offering Mobile Rates to your Prospective Customers,30-Jun-22,https://rategaincom.wpenginepowered.com/wp-content/uploads/2022/06/Enjoy-greater-conversions-by-offering-Mobile-Rates-to-your-prospective-customers.jpg,6
157,Improving Business by Offering Country Rates to Prospective Customers,21-Jun-22,https://rategaincom.wpenginepowered.com/wp-content/uploads/2022/06/Improving-Business-by-Offering-Country-Rates-to-Prospective-Customers.jpg,5
158,The Role of Metasearch in Pandemic Recovery,31-May-22,https://rategaincom.wpenginepowered.com/wp-content/uploads/2022/05/The-Role-of-Metasearch-in-Pandemic-Recovery.jpg,5
159,Why Forward-looking Demand Intelligence is all the More Important for a Destination and it's DMO Today?,31-Mar-22,https://rategaincom.wpenginepowered.com/wp-content/uploads/2022/03/Actionable-Accurate-Demand-Intelligence-for-DMOs-and-DMCs-1.jpg,4
160,How to Become a Genius and Drive-up Hotel Visibility and Occupancy Rates!,10-Mar-22,https://rategaincom.wpenginepowered.com/wp-content/uploads/2022/03/RateGain-RezGain-Become-a-Genius-and-drive-sales-banner.jpg,4
161,Airline Traveler Forecast: Can it help in anticipating demand better?,9-Mar-22,https://rategaincom.wpenginepowered.com/wp-content/uploads/2022/03/Leveling-up-Demand-Forecasting-through-Airline-Traveller-Forecast-3.jpg,5
162,How can User Experience Help Revenue Managers? Ask AirGain,13-Jan-22,https://rategaincom.wpenginepowered.com/wp-content/uploads/2022/01/AirGain-new-blog.jpg,3
163,The Travel Manifesto for 2022,24-Dec-21,https://rategaincom.wpenginepowered.com/wp-content/uploads/2021/12/RateGain-Blog-Booking-Travel-Manifesto-for-2022.jpg,9
164,Marketing Technology in a Data-Driven Era,22-Oct-21,https://rategaincom.wpenginepowered.com/wp-content/uploads/2021/10/Data-Driven-1.jpg,8
165,Usability and Accessibility – How they are making AirGain smarter for you!,5-Oct-21,https://rategaincom.wpenginepowered.com/wp-content/uploads/2021/10/Usability-and-Accessibility-How-they-are-making-AirGain-smarter-for-you.jpg,10
166,Building a Culture of Empowerment,4-Oct-21,https://rategaincom.wpenginepowered.com/wp-content/uploads/2021/10/Building-a-Culture-of-Empowerment.jpg,8
167,Is The Future Of Forecasting Clear For Revenue Managers?,29-Sep-21,https://rategaincom.wpenginepowered.com/wp-content/uploads/2021/09/Is-The.jpg,10
168,Upcoming Launch: The New Room – Rate Management API will Help Distribution Teams Directly and Quickly Create/Retrieve a Multitude of Room Rate Types from RezGain,28-Sep-21,https://rategaincom.wpenginepowered.com/wp-content/uploads/2021/09/Directly-Manage-Rooms-and-Rates-from-RateGains-Channel-Manager-UI-to-Booking-com-2.jpg,5
169,How Revenue Managers Can Be Future Ready For The Next Crisis,23-Sep-21,https://rategaincom.wpenginepowered.com/wp-content/uploads/2021/09/How-revenue-managers-can-be-future-ready-for-the-next-crisis.jpg,9
170,How Can New Airlines Thrive the Post- Covid World,3-Sep-21,https://rategaincom.wpenginepowered.com/wp-content/uploads/2021/09/How-Can-New-Airlines-Thrive-In-A-Post-Covid-World-.jpg,4
171,Making Your Hotel Channel Manager Adapt to Your Day,1-Sep-21,https://rategaincom.wpenginepowered.com/wp-content/uploads/2021/09/How-to-Use-a-Channel-Manager-for-your-Hotel-Operations-if-You-have-Only-15-or-30-Minutes-in-the-Day.jpg,4
172,CarGain Canvas: Analytics that give you 360 degree control over your market,1-Sep-21,https://rategaincom.wpenginepowered.com/wp-content/uploads/2021/09/CarGain-Canvas.jpg,3
173,What Signals is the Summer of 2021 Giving Car Rentals?,8-Jul-21,https://rategaincom.wpenginepowered.com/wp-content/uploads/2021/07/What-signals-is-the-summer-of-2021-giving-car-rentals.jpg,4
174,WHAT ARE YOUR PRONOUNS?,25-Jun-21,https://rategaincom.wpenginepowered.com/wp-content/uploads/2021/06/Inter-blog-1.jpg,9
175,Bringing More Speed and Agility to Airline Pricing for the Post-COVID Revenue Manager,15-Jun-21,https://rategaincom.wpenginepowered.com/wp-content/uploads/2021/06/Unearthing-the-power-and-simplicity-of-bulk-update-and-report-generation-on-AirGain-2.jpeg,5
176,The Current State of Airline Pricing post-Covid,3-May-21,https://rategaincom.wpenginepowered.com/wp-content/uploads/2021/05/How-to-Capture-Rate-Integrity-Issues-in-the-Most-Simplified-Way-copy-1024x536-1.jpg,5
177,How can hoteliers get 2021 right with a solid pricing strategy as volatility in recovery persists,3-May-21,https://rategaincom.wpenginepowered.com/wp-content/uploads/2021/04/How-to-Capture-Rate-Integrity-Issues-in-the-Most-Simplified-Way-copy-1024x536-1.jpg,5
178,Why We Must Tell a Visual Data Story,30-Apr-21,https://rategaincom.wpenginepowered.com/wp-content/uploads/2021/04/Why-we-data-story.jpg,5
179,Airlines Revenue Management Checklist for 2021,29-Apr-21,https://rategaincom.wpenginepowered.com/wp-content/uploads/2021/04/The-Revenue-Management-Checklist-for-2021-3.jpg,5
180,"Cap on Wedding Guests Might Pinch, But It's a Necessary Evil",25-Dec-20,https://rategaincom.wpenginepowered.com/wp-content/uploads/2020/12/Cap-on-wedding-guests-might-pinch-but-its-a-necessary-evil-3.jpg,3
181,"We have been Profitable Since Inception: Yogeesh Chandra- Global Head of Corporate Development, RateGain",22-Dec-20,https://rategaincom.wpenginepowered.com/wp-content/uploads/2020/12/We-have-been-profitable-since-inception-3.jpg,3
182,Some Employees are Getting a New Job…At Their Old Job,21-Dec-20,https://rategaincom.wpenginepowered.com/wp-content/uploads/2020/12/Some-employees-are-getting-a-new-job-1.jpg,5
183,Visioning The Post-COVID Era In Revenue Management,21-Dec-20,https://rategaincom.wpenginepowered.com/wp-content/uploads/2020/12/Hospitality-Banner-no-cta.jpg,5
184,50% Rise in Bookings Not Enough for India to Catch Up With Global Recovery,21-Dec-20,https://rategaincom.wpenginepowered.com/wp-content/uploads/2020/12/New-Deal-Europe-Weekly-Update-on-Tourism-to-the-Balkan-Region-Week-24-1.jpg,5
185,Tech Skills That can Rebuild the Travel Industry,20-Dec-20,https://rategaincom.wpenginepowered.com/wp-content/uploads/2020/12/Tech-skills-that-can-rebuild-the-travel-industry-1.jpg,5
186,After China can 'Revenge Travel' Happen in India?,18-Dec-20,https://rategaincom.wpenginepowered.com/wp-content/uploads/2020/12/After-China-can-Revenge-Travel-happen-in-India-1.jpg,4
187,Travel & Hospitality Sector Will Take 12-15 Months To Cross Pre-covid Level Hiring Figures: Industry Leaders,16-Dec-20,https://rategaincom.wpenginepowered.com/wp-content/uploads/2020/12/Travel-hospitality-sector-will-take-12-15-months-to-cross-pre-Covid-level-hiring-figures-Industry-leaders-1.jpg,4
188,What Hotels Need to Know About the Staycation Boom,16-Dec-20,https://rategaincom.wpenginepowered.com/wp-content/uploads/2020/12/What-Hotels-Need-to-Know-About-the-Staycation-Boom-1.jpg,4
189,Here’s How Hoteliers Can Attract New Travelers in the Post-COVID Era,16-Dec-20,https://rategaincom.wpenginepowered.com/wp-content/uploads/2020/12/Linkedin-no-cta.jpg,4
190,How Airline Revenue Management and Pricing Teams Respond to Revenue Volatility?,15-Dec-20,https://rategaincom.wpenginepowered.com/wp-content/uploads/2020/12/How-airline-revenue-management-and-pricing-teams-respond-to-revenue-volatility-1.jpg,4
191,Revenue Volatility in Airlines is Here to Stay: What can Revenue & Pricing Teams do About it?,15-Dec-20,https://rategaincom.wpenginepowered.com/wp-content/uploads/2020/12/Revenue-volatility-in-airlines-is-here-to-stay-1.jpg,4
192,These New Car Rental Subscription Programs Will Get You There,15-Dec-20,https://rategaincom.wpenginepowered.com/wp-content/uploads/2020/12/These-New-Car-Rental-Subscription-Programs-Will-Get-You-There-2.jpg,4
193,"Pardon me, your politics are showing",12-Dec-20,https://rategaincom.wpenginepowered.com/wp-content/uploads/2020/12/Pardon-me-your-politics-are-showing-1.jpg,3
194,"New Deal Europe Weekly Update on Tourism to the Balkan Region, Week 24",12-Dec-20,https://rategaincom.wpenginepowered.com/wp-content/uploads/2020/12/New-Deal-Europe-Weekly-Update-on-Tourism-to-the-Balkan-Region-Week-24-1.jpg,3
195,See the Green Shoots of Recovery with Smart Distribution’s latest addition “Future Demand”,21-Oct-20,https://rategaincom.wpenginepowered.com/wp-content/uploads/2020/10/full-demand-banner-blog-1.jpg,4
196,Seven Tactics to Keep your Hotel's Distribution Healthy and Highly Profitable,7-Oct-20,https://rategaincom.wpenginepowered.com/wp-content/uploads/2020/10/Seven-Tactics-to-Keep-your-Hotels-Distribution-Healthy-and-Highly-Profitable-1.jpg,7
197,Bespoke Strategies for Opening the Doors to the European Market,25-Aug-20,https://rategaincom.wpenginepowered.com/wp-content/uploads/2020/08/Bespoke-Strategies-for-Opening-the-Doors-to-the-European-Market.jpg,6
198,A New Era of Exploration is Coming to Hoteliers. Stay Tuned!,20-Aug-20,https://rategaincom.wpenginepowered.com/wp-content/uploads/2020/08/A-New-Era-of-Exploration-is-Coming-to-Hoteliers.-Stay-Tuned.jpg,4
199,Perspectives with Saurabh Prakash: How Hotels Can Get Digital Right for Recovery,14-Aug-20,https://rategaincom.wpenginepowered.com/wp-content/uploads/2020/08/millienium-1.jpg,4
200,Perspectives with Debojo: How Survival Became A Success Metric at SpiceJet,22-Jul-20,https://rategaincom.wpenginepowered.com/wp-content/uploads/2020/07/Spice-Blog-Blog.jpg,6
201,Strategies for Hoteliers to Get Back to Business for UK Market,20-Jul-20,https://rategaincom.wpenginepowered.com/wp-content/uploads/2020/07/UK-Blog-Banner-1.jpg,6
202,Strategies for Hoteliers to Get Back to Business for Europe Market,20-Jul-20,https://rategaincom.wpenginepowered.com/wp-content/uploads/2020/07/Blog-Banner-EU-1.jpg,9
203,"Perspectives #8 with Ajay Bakaya, Managing Director, Sarovar Hotels and Resorts",14-Jul-20,https://rategaincom.wpenginepowered.com/wp-content/uploads/2020/07/Perspectives-8-with-Ajay-Bakaya-Managing-Director-Sarovar-Hotels-and-Resorts.jpg,4
204,Re-Taking The Skies : What Can Commercial Teams Do To Gear Up For A Full Return Of Airline Travel In The New Normal,30-Jun-20,https://rategaincom.wpenginepowered.com/wp-content/uploads/2020/06/Global-Aviation-Banner.jpg,3
205,React to Competitive Prices in Real Time with RateGain’s OPTIMA MarketDrone,15-Jun-20,https://rategaincom.wpenginepowered.com/wp-content/uploads/2020/06/React-to-Competitive-Prices-in-Real-Time-with-RG.jpg,4
206,Watch Your Language! Content in the New Hospitality Landscape,2-Jun-20,https://rategaincom.wpenginepowered.com/wp-content/uploads/2020/06/Hospitality-net-banner.jpg,4
207,Keeping Lights on During the Current COVID Crisis!,5-May-20,https://rategaincom.wpenginepowered.com/wp-content/uploads/2020/05/Keeping-Lights-On-During-CoronaVirus-Crisis.jpg,4
208,"Hoteliers, Spot New Markets to Create New Revenues in a Post-COVID 19 World",23-Apr-20,https://rategaincom.wpenginepowered.com/wp-content/uploads/2020/04/distribution-blog-1200x628-2-1.jpg,11
209,Social Media During COVID-19: Tourism Brands That Got It Right,21-Apr-20,https://rategaincom.wpenginepowered.com/wp-content/uploads/2020/04/Social-Media-During-COVID-19-Tourism-Brands-That-Got-It-Right.jpg,8
210,We Are Bracing Ourselves: Are You?,20-Mar-20,https://rategaincom.wpenginepowered.com/wp-content/uploads/2020/03/Covid-Blog.jpg,12
211,How to Capture Rate Integrity Issues in the Most Simplified Way,11-Mar-20,https://rategaincom.wpenginepowered.com/wp-content/uploads/2020/02/How-to-Capture-Rate-Integrity-Issues-in-the-Most-Simplified-Way-copy-1024x536-1.jpg,10
212,Top 3 Rate Disparity Cases Acceptable to a Revenue Manager,4-Mar-20,https://rategaincom.wpenginepowered.com/wp-content/uploads/2020/02/accpteable.jpg,13
213,Rate Integrity: A Brand New Way of Increasing Direct Bookings,27-Feb-20,https://rategaincom.wpenginepowered.com/wp-content/uploads/2020/02/Rate-Integrity-A-Brand-New-Way-of-Increasing-Direct-Bookings-.jpg,8
214,Why Choose Rate Intelligence Over Rate Shopping?,19-Feb-20,https://rategaincom.wpenginepowered.com/wp-content/uploads/2020/02/Why-Choose-Rate-Intelligence-Over-Rate-Shopping-1.jpg,11
215,Why a Rate Intelligence Experience Should Have the Best Art & Science Behind it,5-Feb-20,https://rategaincom.wpenginepowered.com/wp-content/uploads/2020/02/Why-a-Rate-Intelligence-Experience-Should-Have-the-Best-Art-Science-Behind-it-v2-copy-1.jpg,11
216,Our Point of View on the Modern Age Distribution Ecosystem,31-Jan-20,https://rategaincom.wpenginepowered.com/wp-content/uploads/2020/01/Distribution-blog-banner.jpg,5
217,Are You Leading A Future-Ready HR?,29-Jan-20,https://rategaincom.wpenginepowered.com/wp-content/uploads/2020/01/HR-blog.jpg,6
218,5 Ways to Ace Hospitality Marketing in 2020,20-Jan-20,https://rategaincom.wpenginepowered.com/wp-content/uploads/2020/01/5-Ways-to-Ace-Hospitality-Marketing-in-2020.jpg,4
219,Why UX is Instrumental for Revenue Management,14-Jan-20,https://rategaincom.wpenginepowered.com/wp-content/uploads/2020/01/RateGain-Leveraging-UI-to-Create-Value_Blog.jpg,15
220,Visualizing Data Like a Pro: The Key to Unlock the Data Gold Mine,17-Dec-19,https://rategaincom.wpenginepowered.com/wp-content/uploads/2019/12/Visualizing-Data-Like-a-Pro-The-Key-to-Unlock-the-Data-Gold-Mine.jpg,12
221,Smart Shopping for Data: Driving Analytics Excellence in the Airlines Industry,4-Dec-19,https://rategaincom.wpenginepowered.com/wp-content/uploads/2019/12/Smart-Shopping-for-Data-Blog.jpg,4
222,"Mr. Hotelier, Four Signs It is Time to Change your Distribution Partner",29-Nov-19,https://rategaincom.wpenginepowered.com/wp-content/uploads/2019/11/Four-Signs-It-is-Time-to-Change-your-Distribution-Partner-5.jpg,4
223,Adopting SCRUM in the Organization’s People Processes,22-Nov-19,https://rategaincom.wpenginepowered.com/wp-content/uploads/2019/11/Navigating-Constant-Consolidation-banner.jpg,2
224,How to Deliver Value In The Era Of Hospitality Industry Consolidation?,19-Nov-19,https://rategaincom.wpenginepowered.com/wp-content/uploads/2019/11/Navigating-Constant-Consolidation-banner.jpg,3
225,What will define Long Term Success for Airlines,11-Nov-19,https://rategaincom.wpenginepowered.com/wp-content/uploads/2019/11/airline.jpg,7
226,Challenges for Airline Revenue Managers Beyond 2020,23-Oct-19,https://rategaincom.wpenginepowered.com/wp-content/uploads/2019/10/Airline-Revenue-Manager-PR-2.jpg,8
227,Navigating Constant Consolidation,21-Oct-19,https://rategaincom.wpenginepowered.com/wp-content/uploads/2019/10/Airline-Revenue-Manager-Blog.jpg,7
228,Our point of view on Distribution Journey,17-Oct-19,https://rategaincom.wpenginepowered.com/wp-content/uploads/2019/10/Distribution-blog-banner.jpg,7
229,Putting User Experience at the center of a new problem,15-Oct-19,https://rategaincom.wpenginepowered.com/wp-content/uploads/2019/10/ui-banner-1.jpg,9
230,The Last Distribution Challenge,15-Oct-19,https://rategaincom.wpenginepowered.com/wp-content/uploads/2019/10/Re-Configuring-The-Distribution-Models-For-The-Next-Gen-Distribution-Ecosystem.jpg,1
231,Can Car Rental analytics help make better investment decisions?,4-Oct-19,https://rategaincom.wpenginepowered.com/wp-content/uploads/2019/09/Can-Car-Rental-analytics-help-make-better-investment-decisions-2.jpg,7
232,Top 3 considerations for blueprinting your content transformation,21-Sep-19,https://rategaincom.wpenginepowered.com/wp-content/uploads/2019/09/blog-post.jpg,6
233,The Path to A Shared Future: Can car rentals help in turning around the industry slowdown ?,11-Sep-19,https://rategaincom.wpenginepowered.com/wp-content/uploads/2019/09/cargain.jpg,6
234,Delivering Duty of Care in the Age of Corporate Rogue Travel,21-Aug-19,https://rategaincom.wpenginepowered.com/wp-content/uploads/2019/08/Delivering-Duty-of-Care-in-the-Age-of-Corporate-Rogue-Travel.jpg,5
235,Who is winning the experience game in travel and hospitality?,22-Jul-19,https://rategaincom.wpenginepowered.com/wp-content/uploads/2019/07/Who-is-winning-the-experience-game-in-travel-and-hospitality-1.jpg,2
236,Airlines: Soaring on Ancillary Revenue,18-Jul-19,https://rategaincom.wpenginepowered.com/wp-content/uploads/2019/07/Airlines-Soaring-on-Ancillary-Revenue.jpg,5
237,Transaction Tracking and Analytics: Steering Car Rental,24-Jun-19,https://rategaincom.wpenginepowered.com/wp-content/uploads/2019/06/car.jpg,5
238,Enhancing Car Rental Revenue Management with AI-driven Dynamic Pricing,24-Jun-19,https://rategaincom.wpenginepowered.com/wp-content/uploads/2019/06/car1.jpg,5
239,Busting a billion-dollar digital myth for cruise lines!,8-Feb-19,https://rategaincom.wpenginepowered.com/wp-content/uploads/2019/04/Cruise-Image-1218x609.jpg,6
240,The future of distribution strategy at your doorstep,24-Sep-18,https://rategaincom.wpenginepowered.com/wp-content/uploads/2019/04/Dss-Blog-1200x600.jpg,4
241,"‘A Thousand Words’: Why Great Visuals Speak Directly, Fluently and Effortlessly",27-Aug-18,https://rategaincom.wpenginepowered.com/wp-content/uploads/2019/04/2-brandgain-1200x600.jpg,4
242,New Age Data is Driving Growth for Travel Package Providers,24-Aug-18,https://rategaincom.wpenginepowered.com/wp-content/uploads/2019/04/1-packages-1200x600.jpg,3
243,Tackling content issues head-on,16-Jul-18,https://rategaincom.wpenginepowered.com/wp-content/uploads/2019/04/Distribution-900x450.jpg,4
244,7 Top Trends In Hotel Distribution Today,13-Jul-18,https://rategaincom.wpenginepowered.com/wp-content/uploads/2019/04/Retagain_HRS-1-764x382.jpg,3
245,HRS Selects RateGain as its Channel Management Partner for their newest connectivity platform,4-May-18,https://rategaincom.wpenginepowered.com/wp-content/uploads/2019/04/code_itinerary1-534x267.jpg,3
246,Code Itineraries: A road map for the travel industry to unlock one trillion dollars in value by 2025,11-Apr-18,https://rategaincom.wpenginepowered.com/wp-content/uploads/2019/04/SEO_HOTEL-1-650x325.png,3
247,5 Ways to Improve Your Hotel's Visibility within Search Engines,9-Apr-18,https://rategaincom.wpenginepowered.com/wp-content/uploads/2019/04/madrid-TT-hres-2011_8-xlarge-1280x640.jpg,3
248,Hitting a home run in automation tools,3-Apr-18,https://rategaincom.wpenginepowered.com/wp-content/uploads/2019/04/bigstock-Reputation-Management-147765833-2800x1400-scaled.jpg,3
249,Tapping the world’s no. 1 outbound travel market,22-Jan-18,---,3
250,It's 100% pure adrenaline! Introducing Distribution Strategy Studio,11-Jan-18,---,3
251,Your Hotel Reputation Matters to Your Revenue,11-Dec-17,---,4
252,"Hoteliers, Take a Re-look at Parity and Prevent Revenue Leakages",23-Nov-17,https://rategaincom.wpenginepowered.com/wp-content/uploads/2019/04/revenu_leakage_banner_mail1-754x377.jpg,3
253,Assessing the boom in travel startups,21-Nov-17,https://rategaincom.wpenginepowered.com/wp-content/uploads/2019/04/bigstock-Increase-Sales-Revenue-66983953-765x382-764x382.jpg,4
254,Building the Perfect Revenue Strategy Is Not Enough; Advanced Hotel Revenue Management Tool is a Must!,13-Nov-17,https://rategaincom.wpenginepowered.com/wp-content/uploads/2019/04/Geo-pricing-764x382.png,3
255,Travel Industry is Already Using Geo-based Competitive Price Tracking; Act Now Before Its Too Late,3-Nov-17,https://rategaincom.wpenginepowered.com/wp-content/uploads/2019/04/pricing-764x382.jpg,4
256,We Bet You Will Not Want to Miss The Benefits of a Comprehensive Hotel Price Intelligence Solution!,25-Oct-17,https://rategaincom.wpenginepowered.com/wp-content/uploads/2019/04/bigstock-202739491-2800x1400-scaled.jpg,4
257,Sharing economy blurring the lines in hospitality,23-Oct-17,https://rategaincom.wpenginepowered.com/wp-content/uploads/2019/04/Artificial_Intelligence-764x382.jpg,4
258,Tracking Mobile App Rates of Your Competition is a MUST for Your Price Strategy!,11-Oct-17,---,3
259,Will Artificial Intelligence Replace Human Intelligence in Revenue Management and Pricing Analysis?,29-Sep-17,---,3
260,It’s time to reexamine the data structure behind hotel distribution,25-Sep-17,---,2
261,7 Fundamental Hotel Marketing Strategies To Stand Out From Your Competition,21-Sep-17,https://rategaincom.wpenginepowered.com/wp-content/uploads/2017/09/bigstock-Digital-Marketing-New-Startup-190890487-2800x1400-1.jpg,4
262,Design an Effective Hotel Guest Loyalty Program to Increase Hotel Bookings and Revenue,18-Sep-17,https://rategaincom.wpenginepowered.com/wp-content/uploads/2019/04/bigstock-Loyalty-Program-145042721-2800x1400-scaled.jpg,4
263,Yield Management in Hospitality - Important for Efficient Revenue Management Strategy,14-Sep-17,https://rategaincom.wpenginepowered.com/wp-content/uploads/2019/04/bigstock-192270436-2800x1400-scaled.jpg,3
264,What Makes Your Guests The Promoters of Your Brand?,7-Sep-17,https://rategaincom.wpenginepowered.com/wp-content/uploads/2019/04/bigstock-193620838-3000x1500-scaled.jpg,3
265,Tapping the potential of IoT,29-Aug-17,https://rategaincom.wpenginepowered.com/wp-content/uploads/2019/04/Social-media-travel-industry-300x207-1-1100x759-1-570x285.jpg,3
266,The Role and Future of Technology in Travel Industry,28-Aug-17,https://rategaincom.wpenginepowered.com/wp-content/uploads/2019/04/BG_blog_banner2-764x382-764x382.jpg,3
267,New Consumer Review Dashboard For Hotels,21-Aug-17,https://rategaincom.wpenginepowered.com/wp-content/uploads/2019/04/hotelier-demand-forecasting-762x381-1.jpg,3
268,Measuring Demand in Your City will Skyrocket your Revenue - Here is How!,21-Aug-17,https://rategaincom.wpenginepowered.com/wp-content/uploads/2019/04/bigstock-Business-Man-Select-Happy-156570752-2800x1400-scaled.jpg,3
269,7 Best Methods to Gather Quality Guest Feedback,16-Aug-17,---,2
270,"The Brilliant Hotelier: Face To Face With Panayiotis Kyprianou From Thanos Resorts & Spas, Cyprus",14-Aug-17,https://rategaincom.wpenginepowered.com/wp-content/uploads/2019/04/G8H6842-1-4896x2448-scaled.jpg,3
271,Monitoring Hundreds of Booking Sites - No Longer a Challenging Task for Hoteliers,10-Aug-17,https://rategaincom.wpenginepowered.com/wp-content/uploads/2017/08/bigstock-Support-Help-Unity-Togethernes-118375838-2800x1400-1.jpg,2
272,"Hotels, Utilize Closed User Group (CUG) Customers to Increase Revenue Through Direct Bookings",8-Aug-17,https://rategaincom.wpenginepowered.com/wp-content/uploads/2019/04/bigstock-Teamwork-And-Integration-Conce-66966004-2800x1400-scaled.jpg,3
273,Create a Revenue Centric Culture in your Hotel by Integrating Technology,2-Aug-17,https://rategaincom.wpenginepowered.com/wp-content/uploads/2019/04/bigstock-Reputation-Popular-Ranking-Hon-184164262-3596x1798-scaled.jpg,3
274,"Despite the best efforts of hotel brands, travelers still love to click around",1-Aug-17,https://rategaincom.wpenginepowered.com/wp-content/uploads/2019/04/bigstock-Online-Reviews-Evaluation-Time-185136694-2800x1400-scaled.jpg,3
275,"Hoteliers, Are You Using Mobile to Support Your Online Reputation Management?",31-Jul-17,https://rategaincom.wpenginepowered.com/wp-content/uploads/2016/03/Channel-Management-Features-to-Choose-the-Right-Hotel-Channel-Manager.webp,3
276,7 Practical tips to improve online reviews of your hotel,25-Jul-17,https://rategaincom.wpenginepowered.com/wp-content/uploads/2019/04/bigstock-Business-Man-Select-Happy-156570752-2800x1400-scaled.jpg,3
277,14 Features to Consider Before Your Hotel Decides to Devote In a Channel Manager,24-Jul-17,---,3
278,Managing Hotel Guest Sentiment and Online Presence to Create Revenue Centric Culture,19-Jul-17,---,3
279,"Hoteliers, You Need a Channel Manager with an Edge to Stand out from Competition",18-Jul-17,https://rategaincom.wpenginepowered.com/wp-content/uploads/2019/04/Distribution-900x450.jpg,3
280,Blockchain and its potential to upend the travel industry,17-Jul-17,https://rategaincom.wpenginepowered.com/wp-content/uploads/2019/04/bigstock-Increase-Sales-Revenue-66983953-765x382-764x382-1.jpg,3
281,"Hoteliers, Learn How to Create A Revenue Centric Culture in Your Hotel",10-Jul-17,https://rategaincom.wpenginepowered.com/wp-content/uploads/2019/04/bigstock-Reputation-Management-145495634-2800x1400-scaled.jpg,4
282,"Hoteliers, Learn About The Growing Importance of Hotel Online Reputation Management",4-Jul-17,https://rategaincom.wpenginepowered.com/wp-content/uploads/2019/04/restaurant_online_repuptation2-870x435.jpg,4
283,How to Make Restaurant’s Online Reputation a Secret Sauce in Enhancing your Hotel Brand?,28-Jun-17,https://rategaincom.wpenginepowered.com/wp-content/uploads/2019/04/hotel-social-media-960x480.jpg,4
284,Engaging Travelers Through Social Media Can Reap Umpteen Benefits for Hotels,19-Jun-17,https://rategaincom.wpenginepowered.com/wp-content/uploads/2019/04/channelmanager-1094x547.png,4
285,Approach For A Balanced Hotel Distribution Strategy - Learn Why Hotels Should Adopt It,14-Jun-17,https://rategaincom.wpenginepowered.com/wp-content/uploads/2019/04/facebook_bannerImg-764x382.jpg,2
286,9 Tips to Build a Hotel’s Facebook Strategy & Improve Guest Experience,6-Jun-17,https://rategaincom.wpenginepowered.com/wp-content/uploads/2019/04/4FA1CA06CC244CDA241A54F378ACCCBFD4056C5D0D5865A59Fpimgpsh_fullsize_distr-764x382.jpg,3
287,Top Trends: Millennial Travelers & the Hospitality Sector,30-May-17,---,3
288,Evolving Role Of Hotel Revenue Manager - Part 4,26-May-17,https://rategaincom.wpenginepowered.com/wp-content/uploads/2019/04/blog_img-764x382.jpg,2
289,The Evolving Role of Revenue Managers - Part 3,24-May-17,https://rategaincom.wpenginepowered.com/wp-content/uploads/2019/04/bigstock-Competitive-Edge-119382113-2800x1400-scaled.jpg,3
290,Good translation key to staying in global marketplace,24-May-17,https://rategaincom.wpenginepowered.com/wp-content/uploads/2019/04/bigstock-165382157-2800x1400-scaled.jpg,3
291,The Evolving Role Of Hotel Revenue Managers – Part 2,17-May-17,https://rategaincom.wpenginepowered.com/wp-content/uploads/2019/04/bigstock-184358374-3000x1500-scaled.jpg,3
292,How Your Hotel distribution & Online Reputation Strategy is key to RevPAR Management,15-May-17,https://rategaincom.wpenginepowered.com/wp-content/uploads/2019/04/bigstock-Finance-Report-Concept-Flat-S-124822064-3000x1500-scaled.jpg,3
293,The Evolving Role of Hotel Revenue Managers - Part 1,10-May-17,https://rategaincom.wpenginepowered.com/wp-content/uploads/2019/04/bigstock-Business-Man-Select-Happy-156570752-2800x1400-scaled.jpg,3
294,5 Effective Ways Hotels Could Conduct Guest Surveys and Loyalty Programs,2-May-17,https://rategaincom.wpenginepowered.com/wp-content/uploads/2017/04/vacation-rental_airbnb-1428x714-1024x512-1.jpg,3
295,"Hoteliers, Are Vacation Rentals Eating Your Lunch?",26-Apr-17,---,3
296,Abbreviations are not a content strategy,24-Apr-17,---,3
297,The Future of Hotel Revenue Management – BOTs or Humans?,18-Apr-17,https://rategaincom.wpenginepowered.com/wp-content/uploads/2019/04/artificial-intelligence-risk-reward-now-labs-2088x1044.jpg,3
298,"Hoteliers, Learn How to Overcome the Challenges in Online Reputation Management",14-Apr-17,https://rategaincom.wpenginepowered.com/wp-content/uploads/2019/04/bigstock-Business-Or-Marketing-Concept-181728700-1-617x308.jpg,3
299,Managing Seasonal Market Changes to Ensure your Hotel Stays on Top - Part 4,13-Apr-17,https://rategaincom.wpenginepowered.com/wp-content/uploads/2019/04/Seasonality-356x178.png,4
300,Managing Seasonal Market Changes to Ensure your Hotel Stays on Top - Part 3,11-Apr-17,https://rategaincom.wpenginepowered.com/wp-content/uploads/2019/04/bigstock-Competitive-Advantage-Concept-118415714-2750x1375-scaled.jpg,3
301,Managing Seasonal Market Changes to Ensure your Hotel Stays on Top - Part 2,7-Apr-17,https://rategaincom.wpenginepowered.com/wp-content/uploads/2019/04/bigstock-Businessman-Hand-Drawing-Sales-118618487-3800x1900-scaled.jpg,4
302,Solving the hospitality industry’s ‘content conundrum’,3-Apr-17,https://rategaincom.wpenginepowered.com/wp-content/uploads/2019/04/bigstock-153294449-3000x1500-scaled.jpg,2
303,Managing Seasonal Market Changes to Ensure your Hotel Stays on Top - Part 1,3-Apr-17,https://rategaincom.wpenginepowered.com/wp-content/uploads/2019/04/automation-764x382-764x382.jpg,3
304,"Hoteliers, Beat the Competition and Be The Market Leaders By Adopting Automation",27-Mar-17,https://rategaincom.wpenginepowered.com/wp-content/uploads/2019/04/google_banner_img-764x382.jpg,2
305,How Can Hotels Use Google to Maximise their Online Presence?,17-Mar-17,---,2
306,Revenue Management & Marketing Automation can Help Independent Hotels Stay Ahead,14-Mar-17,https://rategaincom.wpenginepowered.com/wp-content/uploads/2019/04/bigstock-Action-Plan-Action-Plan-Str-159437243-2800x1400-scaled.jpg,3
307,Big Data Challenge,8-Mar-17,https://rategaincom.wpenginepowered.com/wp-content/uploads/2019/04/bigstock-133294829-2800x1400-scaled.jpg,3
308,"Hoteliers, Design Your Revenue Management Strategy in Pre-Opening Stage",2-Mar-17,https://rategaincom.wpenginepowered.com/wp-content/uploads/2019/04/bigstock-Calendar-Note-Schedule-Memo-Ma-148425554-2800x1400-scaled.jpg,3
309,"Hoteliers, Keep a Track of Events and Holidays To Increase your Revenue Many Folds",20-Feb-17,https://rategaincom.wpenginepowered.com/wp-content/uploads/2019/04/bigstock-Pricing-Strategy-141013019-2800x1400-scaled.jpg,2
310,3 Effective Hotel Pricing Strategy Can Boost Your Hotel Revenue,13-Feb-17,https://rategaincom.wpenginepowered.com/wp-content/uploads/2019/04/hotel-reviews-760x380.jpg,4
311,How to Manage Hotel's Online Reviews & Guest Experience,2-Feb-17,https://rategaincom.wpenginepowered.com/wp-content/uploads/2019/04/hotelier-demand-forecasting-762x381.jpg,2
312,Why Should Hotels Pay Special Attention to Demand Forecasting?,25-Jan-17,https://rategaincom.wpenginepowered.com/wp-content/uploads/2019/04/Final-White-3-800x400.png,2
313,"The Brilliant Hotelier: Face to face with Deanna Jayasundera from Theme Resorts and Spas, Sri Lanka",16-Jan-17,---,2
314,RateGain’s Top 12 Blogs of 2016,3-Jan-17,---,3
315,Managing Real-Time Room Inventories Across Multiple OTAs,27-Dec-16,https://rategaincom.wpenginepowered.com/wp-content/uploads/2019/04/otas-versus-branddotcom-1740x870.png,2
316,"The Brilliant Hotelier: Face 2 Face with Ria Roberto, the Director of Revenue Management at Kenz Hotel Management, UAE",19-Dec-16,https://rategaincom.wpenginepowered.com/wp-content/uploads/2019/04/al-manzel-3-1024x763-1024x512.jpg,2
317,Be the Revenue Management Hero of your Hotel,28-Nov-16,https://rategaincom.wpenginepowered.com/wp-content/uploads/2019/04/rev_hero_img-472x236.jpg,4
318,"Hotels, Let’s Go Direct!",23-Nov-16,https://rategaincom.wpenginepowered.com/wp-content/uploads/2019/04/restaurant-948x474.jpg,4
319,Tips to Build Customer Loyalty for Your Restaurant,21-Nov-16,https://rategaincom.wpenginepowered.com/wp-content/uploads/2019/04/bigstock-Summer-Vacation-And-Online-Boo-98043824-1-300x141-282x141.jpg,4
320,"Systems Reliability, A Necessity for Hotel Operations: Part 2",18-Nov-16,https://rategaincom.wpenginepowered.com/wp-content/uploads/2019/04/sdf-740x370.jpg,4
321,Is Your Hotel United by Goals but Divided by Systems?,16-Nov-16,https://rategaincom.wpenginepowered.com/wp-content/uploads/2019/04/bali-niksoma2-1024x544-1024x512.jpg,4
322,"The Brilliant Hotelier: Face 2 Face with I Nyoman Astama, General Manager of the Bali Niksoma Boutique Beach Resort",15-Nov-16,https://rategaincom.wpenginepowered.com/wp-content/uploads/2019/04/Novotel_Muenchen_M_3050027c-460x230.jpg,4
323,"Systems Reliability, A Necessity for Hotel Operations: Part 1",11-Nov-16,---,3
324,Is your Hotel Website Ready for Google's Latest Mobile Updates,8-Nov-16,https://rategaincom.wpenginepowered.com/wp-content/uploads/2019/04/Google-update-mobile-friendly-850x425.png,3
325,Optimize Your Hotel’s SEO and Mobile Strategy,3-Nov-16,https://rategaincom.wpenginepowered.com/wp-content/uploads/2019/04/bigstock-130275857-900x450.jpg,4
326,"The Brilliant Hotelier: Face 2 Face with Stavros Drakou, Director at Cyprotels Hotels and Resorts, Cyprus",2-Nov-16,https://rategaincom.wpenginepowered.com/wp-content/uploads/2019/04/cypro-900x450.png,1
327,What’s spookier than Halloween for Hoteliers?,26-Oct-16,https://rategaincom.wpenginepowered.com/wp-content/uploads/2019/04/pumpkins-3-849x424.jpg,2
328,Tapping the phenomenal potential of the Asia Pacific region,10-Oct-16,https://rategaincom.wpenginepowered.com/wp-content/uploads/2019/04/PPHotels-768x1024-768x384.jpg,2
329,"The Brilliant Hotelier: Face 2 Face with Trisna Widia, Marketing & E-Commerce Manager, Prime Plaza Hotels and Resorts, Indonesia",6-Oct-16,https://rategaincom.wpenginepowered.com/wp-content/uploads/2019/04/drive-direct-bookings-1024x512-1024x512.jpg,2
330,How to Increase Hotel Direct Bookings? Don’t Ignore the Role of a Booking Engine,26-Sep-16,https://rategaincom.wpenginepowered.com/wp-content/uploads/2019/04/Disruption3-420x210.jpg,2
331,Weary of Disruption? 5 Simple Steps to Disrupt the Disruptions in the Rapidly Changing Hospitality Industry,21-Sep-16,https://rategaincom.wpenginepowered.com/wp-content/uploads/2019/04/fdg-440x220.jpg,2
332,Disruption in the Hotel Industry and Changing Face of the Global Travel Market,16-Sep-16,---,2
333,"The Brilliant Hotelier: Tête-à-Tête with Richard Lewis, the CEO of Landmark Hotels, Dubai",15-Sep-16,https://rategaincom.wpenginepowered.com/wp-content/uploads/2019/04/df-1430x715.jpg,2
334,The fast-changing world of hospitality distribution,12-Sep-16,https://rategaincom.wpenginepowered.com/wp-content/uploads/2019/04/No-wifi-image-568x284.jpg,2
335,"Hotels, Are You Prepared for Digital Detox Travelers?",6-Sep-16,https://rategaincom.wpenginepowered.com/wp-content/uploads/2019/04/J5-Rimal-900x450.jpg,3
336,"The Brilliant Hotelier: Face 2 Face with the Revenue Director at J5 Rimal Hotel Apartments, Dubai",2-Sep-16,https://rategaincom.wpenginepowered.com/wp-content/uploads/2019/04/fg-584x292.jpg,3
337,How Hotels of Tomorrow are Improving Guest Experience with Technology?,1-Sep-16,https://rategaincom.wpenginepowered.com/wp-content/uploads/2019/04/make-hotel-revenue-customer-loyalty-1430x715.jpg,3
338,Sharing economy and alternative lodging offer great opportunities,29-Aug-16,https://rategaincom.wpenginepowered.com/wp-content/uploads/2019/04/expert-1718x859.jpg,3
339,How can Hotels Generate More Revenue from Customer Loyalty - Part II,25-Aug-16,---,2
340,How can Hotels Generate More Revenue from Customer Loyalty - Part I,19-Aug-16,---,2
341,Travel agents: a re-emerging force in hospitality distribution,15-Aug-16,---,2
342,5 Things About Hotel Revenue Management Your Boss Wants to Know – Part II,28-Jul-16,https://rategaincom.wpenginepowered.com/wp-content/uploads/2019/04/blog-900x450.jpg,2
343,Pikachu Conjures his Pokemon Friends for Increasing Hotel Revenues,26-Jul-16,https://rategaincom.wpenginepowered.com/wp-content/uploads/2019/04/bigstock-Increase-Sales-Revenue-66983953-765x382-764x382-1.jpg,3
344,The sensible economics of 'one to many',26-Jul-16,https://rategaincom.wpenginepowered.com/wp-content/uploads/2019/04/channelmanager-1094x547.png,3
345,5 Things About Hotel Revenue Management Your Boss Wants to Know - Part I,22-Jul-16,https://rategaincom.wpenginepowered.com/wp-content/uploads/2019/04/hotel-revenue-management-system-900x450.jpg,3
346,"Hotels, Improve your Online Distribution Strategy with Six Simple Tips",12-Jul-16,https://rategaincom.wpenginepowered.com/wp-content/uploads/2019/04/Brexit-900x450.jpg,3
347,How to Ensure the Demand Generated is Translated into Increased Revenues?,11-Jul-16,https://rategaincom.wpenginepowered.com/wp-content/uploads/2019/04/guest-satisfaction-900x450.jpg,3
348,"Brexit: The Impact on Travel and Tourism Industry, Now and Later",27-Jun-16,---,3
349,Create a new chapter in the relationship between Your Hotel & Guests with Chat Tools,21-Jun-16,---,3
350,Effective Ways to Measure & Generate Demand – Part V,19-Jun-16,---,2
351,Effective Ways to Measure & Generate Demand – Part IV,17-Jun-16,https://rategaincom.wpenginepowered.com/wp-content/uploads/2019/04/Online-Guest-Reviews-hotels-900x450.jpg,2
352,Effective Ways to Measure & Generate Demand - Part II,15-Jun-16,https://rategaincom.wpenginepowered.com/wp-content/uploads/2019/04/hotel-demand-900x450.jpg,3
353,Effective Ways to Measure & Generate Demand – Part III,15-Jun-16,https://rategaincom.wpenginepowered.com/wp-content/uploads/2019/04/Way-connection-or-Common-Pool-Inventory-963x481.png,4
354,Effective Ways to Measure and Generate Demand - Part I,17-May-16,https://rategaincom.wpenginepowered.com/wp-content/uploads/2019/04/rate-intelligence-900x450.jpg,4
355,8 Top Tips to Choose the Right Hotel Channel Manager,3-May-16,https://rategaincom.wpenginepowered.com/wp-content/uploads/2016/03/Channel-Management-Top-Tips-to-Choose-the-Right-Hotel-Channel-Manager.webp,4
356,Comparing and Contrasting Industry Problems with Revenue Optimisation,27-Apr-16,https://rategaincom.wpenginepowered.com/wp-content/uploads/2019/04/Rev1-699x349.jpg,4
357,"Making Cents of RevGain: An Interview With the Revenue Manager at St. George Lycabettus Hotel, Greece",20-Apr-16,https://rategaincom.wpenginepowered.com/wp-content/uploads/2019/04/Louie-Reyes.jpg,5
358,Tapping the potential of emerging markets,19-Apr-16,---,4
359,"Unity for Revenue Management: An Interview With the Revenue Analyst at The Manila Hotel, Philippines",14-Apr-16,---,5
360,How to Choose the Right Rate Optimisation Tool for Your Hotel?,6-Apr-16,https://rategaincom.wpenginepowered.com/wp-content/uploads/2019/04/rate-900x450.jpg,4
361,New partnerships underscore benefits of DHISCO’s ‘direct-to-many’ solutions,4-Apr-16,https://rategaincom.wpenginepowered.com/wp-content/uploads/2019/04/london-e2-678x339.jpg,2
362,Airbnb: An Alternate Lodging Threat to Hotels?,21-Mar-16,https://rategaincom.wpenginepowered.com/wp-content/uploads/2019/04/shutterstock_828033041-300x150.jpg,3
363,21 Points to Consider while Buying a Rate Shopping Tool for Your Hotel,9-Mar-16,https://rategaincom.wpenginepowered.com/wp-content/uploads/2019/04/room-forecasting-1216x608.jpg,3
364,Did You Know? It’s critical to Push Rates along with Occupancy,19-Feb-16,https://rategaincom.wpenginepowered.com/wp-content/uploads/2019/04/dfs-1024x683-1024x512.jpg,3
365,Hotel Demand Forecasting: Top 3 Ways Hoteliers Can Leverage this Strategic Management Tool,12-Feb-16,https://rategaincom.wpenginepowered.com/wp-content/uploads/2019/04/Zika-586x293.png,3
366,7 Quick Tips For Your Hotel Pre-Opening In 2017,12-Feb-16,---,3
367,Zika virus outbreak:  Is tourism industry in Central and South America on risk?,8-Feb-16,---,3
368,How to make 35% more revenue? Tap the power of Scientific Pricing,27-Jan-16,---,2
369,Want to Maximize Your Hotel Revenue? Get Your Room Forecast Accurate ASAP,8-Jan-16,https://rategaincom.wpenginepowered.com/wp-content/uploads/2019/04/business-ohot-762x381.jpg,3
370,9 Undeniable Advantages of Hotel Room Forecasting,3-Jan-16,https://rategaincom.wpenginepowered.com/wp-content/uploads/2019/04/hotel-social-media-960x480.jpg,4
371,Golden Rules to Make the Most of Your Hotel’s Facebook Page,15-Dec-15,https://rategaincom.wpenginepowered.com/wp-content/uploads/2019/04/comp-sets-838x419.jpg,3
372,DHISCO’s big data challenge,10-Dec-15,https://rategaincom.wpenginepowered.com/wp-content/uploads/2019/04/london-e2-678x339-1.jpg,2
373,A Revenue Management mistake that you need to avoid today,23-Oct-15,---,2
374,The UK RevPAR Growth Story: Promises and Challenges,19-Oct-15,---,2
375,August 2015: Parity Performance. Where Does Your City Stand? – Latin America,28-Sep-15,---,2
376,Introducing BrandGain Restaurant Module,18-Sep-15,---,2
377,"Q&A with new DHISCO CEO Toni Portmann, on taking Pegasus beyond the hotel switch",16-Sep-15,---,2
378,Revenue optimisation love story: Grandhotel Zvon  achieves 34% growth in revenue with scientific pricing,16-Sep-15,https://rategaincom.wpenginepowered.com/wp-content/uploads/2019/04/pareto-e-700x350.jpg,2
379,Scientific pricing is no longer the Lamborghini you can never have.,14-Sep-15,https://rategaincom.wpenginepowered.com/wp-content/uploads/2019/04/europe-revpar-growth_rategain-700x350.png,3
380,"As other hotel distribution fees rise, DHISCO represents less than 1% of booking costs",5-Aug-15,---,2
381,UNT Big Data Challenge,21-Jul-15,---,3
382,How to improve your hotel's online reputation using a 100 year old mathematics principle,16-Jul-15,---,4
383,Total Pricing,13-Jul-15,---,2
384,Update from HEDNA Barcelona: Forecast is sunny,12-Jun-15,---,2
385,RevPar Growth in Europe: The top three cities,4-Jun-15,---,2
386,The news for the hotel industry just keeps getting better,19-May-15,---,2
387,Three important elements your Revenue Management system is missing,29-Apr-15,https://rategaincom.wpenginepowered.com/wp-content/uploads/2015/04/11-elements-blog.jpg,2
388,5 ways to Maximize Hotel Revenues in the Era of Mobile Bookings,21-Apr-15,---,3
389,Will airbnb disrupt the hotel business or just play on the sidelines?,14-Apr-15,---,3
390,3 Questions RateGain will Answer for you at WTM Latin America,23-Mar-15,---,3
391,5 Key Highlights of Super Successful RateGain’s Hotel Revenue Summit 2015 Jakarta,19-Mar-15,---,2
392,Reviews and Ratings: A simple way to use them to support your transient pricing strategy,10-Mar-15,---,2
393,ITB Berlin: 5 Steps to Making Your Visit a Success,25-Feb-15,---,2
394,Accor Hotels Partners with RateGain for its Rate Shopping Solution Integration,23-Feb-15,---,1
395,RateGain Bags Top Honour at The 2nd Inc. India Innovative100 Conference and Awards Gala,19-Feb-15,---,1
